{
  "N": 10000,
  "mean_x": 6.461483000005583e-10,
  "mean_y": 1.052513999999635e-09,
  "mean_z": 4.999999999703837,
  "mean_px": 0.004062593899998501,
  "mean_py": 0.006036707000001297,
  "mean_pz": 1000500532.437467,
  "rms_x": 0.0005000259716840681,
  "rms_y": 0.0005000256206121354,
  "rms_z": 0.0008795621442844548,
  "nemit_x": 1.0001083952487116e-06,
  "nemit_y": 1.0001073523808304e-06,
  "nemit_z": 2.5934069270510014e-06,
  "gamma_avg": 1957.9309714198707,
  "beta_avg": 0.9999998695706649,
  "de_over_e": 0.005274711485946622
}